ps,cor.258176_at,cor.258177_at,cor.258084_at,cor.251865_at,cor.257958_at,cor.255731_at,cor.256187_at,cor.258060_at,cor.259359_at
249324_at,0.02580780364,0.507505706,0.02237256517,0.2045393767,0.3579246723,0.5349217361,0.5390806656,0.5135470691,8.88E-04
246167_at,0.1609878091,0.5151984419,0.1337492806,0.223314903,0.5312503988,0.4871532744,0.5599779616,0.4571772329,0.02651944453
246766_at,0.2568090729,0.5982638335,0.1676405831,0.2751483314,0.5052852673,0.4590552357,0.5584547526,0.4745095263,0.0515838621
247076_at,0.150891116,0.5191726796,0.1139757185,0.03782764211,0.3138805831,0.5285352926,0.5046657042,0.2910189683,0.08655305947
247960_at,0.1261609465,0.5453592056,0.06053296836,0.1339127732,0.3927843367,0.5882178584,0.5571764733,0.3695978188,0.07014599507
248635_at,0.1966302942,0.5679106425,0.1530843316,0.2183146087,0.5162759477,0.4442031387,0.585404146,0.4852062221,0.09708647821
249478_at,0.1356502725,0.593988764,0.1659524533,0.1921294543,0.5059918098,0.4526827843,0.5166917389,0.4453513194,0.03041605763
249665_at,0.2372234688,0.5547147166,0.1640958436,0.20223746,0.5579469605,0.4559364584,0.5534172733,0.4324359382,0.06827709724
250159_at,0.02861052837,0.560017926,0.06744204469,0.2305109856,0.3695496424,0.5174636949,0.5159032069,0.3648723937,0.1081763205
250827_at,0.06396108929,0.5095147958,0.09808953148,0.1861071575,0.297278065,0.5125537811,0.4947518061,0.5959523796,0.04063347271
250961_at,0.208317316,0.518641764,0.1274598358,0.1966697268,0.5549227544,0.4961481146,0.5305552335,0.4360717471,0.08723680619
251726_at,0.1722890322,0.556260101,0.1447785221,0.1909903446,0.5232496287,0.4085055297,0.5175147179,0.3674906989,0.03778498982
251938_at,0.05814100901,0.5170549359,0.05193616776,0.1645752949,0.3494586078,0.5388363946,0.5266044553,0.3315760937,0.07460769689
251947_at,0.1378860031,0.5584494695,0.1667433637,0.1818158298,0.5757526641,0.4086272393,0.526207917,0.3899746697,0.03534881959
252022_at,0.08630981124,0.5473661377,0.1562440713,0.1760841566,0.3072602061,0.5601623765,0.5193452532,0.2999568617,0.001557822024
252235_at,0.03117751554,0.5223597227,0.06207337366,0.192271158,0.3605779753,0.5107969067,0.5285176139,0.3598161122,0.06657510408
253221_at,0.01018256655,0.5772380384,0.01174788348,0.2054395425,0.373333026,0.5132488597,0.5223711829,0.3156380312,0.02684580017
253336_at,0.05211992786,0.5141577538,0.04723792793,0.2327485972,0.3406642238,0.5342351604,0.5625161603,0.3473992621,0.05132866748
254008_at,0.2240608325,0.5457214932,0.1409477882,0.1806738389,0.5782645077,0.418001988,0.5283764166,0.4484485872,0.005298398109
254212_at,0.1466145976,0.5872203656,0.2105053187,0.2263027608,0.5247345535,0.481119499,0.5720083734,0.4562208287,0.1122212217
254720_at,0.1811677402,0.5011470122,0.1568849489,0.2232059861,0.5039383228,0.4590745669,0.5328757493,0.4572816841,0.07771352556
254830_at,0.05903248326,0.5054607354,0.1360787529,0.2283752072,0.2745949216,0.5658963423,0.5317251626,0.3607951571,0.1489146658
255079_s_at,0.07195287599,0.5560323441,0.2694739992,0.1704263108,0.3701882899,0.5420938072,0.5704883548,0.4493280002,0.1131597259
255885_at,0.01995282117,0.5159467956,0.006943520436,0.1064010622,0.4175068425,0.550764356,0.4934872248,0.5245564987,0.1457425065
255919_at,0.2333617427,0.5008405334,0.1877269227,0.1468752853,0.5910356521,0.4841454359,0.5092800303,0.389151587,0.09726332114
255966_at,0.0391659831,0.5279713664,0.2788764458,0.1460036283,0.3496999731,0.5852680058,0.5127697219,0.3592762952,0.2233732158
256072_at,0.07038144967,0.5740405752,0.04723339849,0.1533375363,0.3880914771,0.580753089,0.5209694541,0.3393908611,0.1130041565
256956_at,0.0242676887,0.500291006,0.1737113835,0.1433382943,0.317833742,0.4783284646,0.5139934851,0.5208843956,0.2006972633
256982_at,0.1956931968,0.5174352329,0.109465843,0.3257839104,0.400003789,0.5036344441,0.5170789421,0.4126425485,0.04716153759
257327_at,0.1435396623,0.5291282884,0.1412267153,0.1769763894,0.5215482351,0.4330886076,0.5094993817,0.4850267707,0.07329696366
257372_at,0.1658761452,0.5767954943,0.1039014206,0.2376185299,0.5707169684,0.4083030755,0.5119960999,0.447190888,0.03088079082
257906_at,0.1012011366,0.5266795381,0.03007399063,0.1303927799,0.3585284844,0.5287159663,0.5244183503,0.2995283217,0.08431412636
258210_at,0.1139970544,0.5536708477,0.09075728188,0.2239479378,0.379761764,0.6255236789,0.5746282847,0.4155169699,0.05683238108
258680_at,0.00873736965,0.5572306318,0.121843921,0.1459742187,0.3100913638,0.5878087923,0.5864519333,0.3736768735,0.02888869969
258835_at,0.1497183493,0.5537197636,0.1675270804,0.2048201391,0.5069260621,0.4488922034,0.502408338,0.4192041796,0.1472968833
258862_at,0.09422954119,0.5545050075,0.2056987238,0.1753776653,0.378602957,0.5745557087,0.5838441592,0.3491671566,0.09392535701
259016_at,0.04081891586,0.5660460025,0.08268792495,0.1760857488,0.4003496497,0.5711030516,0.5557838953,0.366663945,0.0268790196
259465_at,0.161086458,0.5474430126,0.1070662988,0.2138346999,0.5291874532,0.4132080135,0.5162975938,0.4059203889,0.03672242572
259712_at,1.76E-04,0.5040713057,0.08993824223,0.2085078002,0.3443484304,0.5523671207,0.5265337014,0.2765826223,0.004209926372
260426_at,0.004324228955,0.5392071831,0.08853300281,0.1779916657,0.3369884438,0.5106375349,0.504659201,0.3083790134,0.09257752578
260838_at,0.1628361718,0.5234834589,0.09559403677,0.1600116239,0.5035942337,0.3967854036,0.5249080155,0.37353615,0.0392757012
260913_at,0.08487054157,0.5050490177,0.2533303449,0.2038940744,0.2748988405,0.5407755114,0.5488643854,0.4487622494,0.1165391164
261204_s_at,0.04419515319,0.5122620826,0.2305976015,0.1937728731,0.3767501046,0.5127067655,0.5263238225,0.4293447796,0.1152820122
261270_at,0.03453986866,0.5290864059,0.02707739788,0.1718472396,0.4094576922,0.6226586921,0.552157628,0.3803085574,0.05262231935
262117_at,0.03592044022,0.5404274856,0.0203082813,0.1828221224,0.3232169103,0.526512263,0.525577284,0.3020907187,0.049219362
262329_at,0.007358903933,0.5133585442,0.0391895001,0.112607076,0.2970796572,0.5443612433,0.5166414717,0.4089579495,0.01161943529
262718_at,0.1677016173,0.6187805411,0.2181461688,0.235752286,0.5625135181,0.4007668842,0.5132439437,0.4132895005,0.04647820114
262820_at,0.16443226,0.5284722299,0.04246731207,0.07981153071,0.2601804726,0.5918295889,0.5085609535,0.3352156481,0.00461499793
263506_s_at,0.2012045745,0.5731870326,0.1580807621,0.2123372343,0.5398237003,0.4375223851,0.5575442998,0.4866478805,0.09531665097
263817_at,0.1953720004,0.6113366247,0.1564095427,0.2152596994,0.5008670123,0.4384601372,0.5275755224,0.4120440712,0.07690717518
263874_at,0.1205602509,0.5884517146,0.1659230592,0.1207918726,0.4305868127,0.533994808,0.5892261286,0.3724971699,0.1284246982
264050_at,0.09046305365,0.5851018248,0.215310588,0.2238047518,0.5097604519,0.4543837144,0.5212969198,0.4312708412,0.06151739294
264302_at,0.04656062396,0.5042376546,0.1708604898,0.1762900422,0.345257538,0.5819467745,0.5846098385,0.4829425968,0.1228876714
264428_at,0.005223870792,0.556889939,0.1613472316,0.05095151461,0.3135862471,0.5295804903,0.5521204087,0.4597663331,0.08969234632
265240_s_at,0.1969453152,0.5104487772,0.1391568405,0.1816917946,0.5479110594,0.4506141247,0.5609446494,0.4106290357,0.08447008919
265257_at,0.162494817,0.5216004592,0.2528903928,0.1047706363,0.3401156681,0.5660203553,0.5598555844,0.3207444834,0.102519689
266205_s_at,0.007374503763,0.4785820032,0.1783854395,0.100482754,0.3725588686,0.6026066182,0.5876451748,0.5420046782,0.06811792166
266931_at,0.1436304156,0.5640414762,0.2205620436,0.2079488841,0.4883992337,0.5060093541,0.533067263,0.4266526322,0.1027064656
267105_at,0.2078093857,0.6141891743,0.1502189722,0.1981250288,0.5772047478,0.4317652526,0.5317280106,0.4515619648,0.03435803294
267208_at,0.1391398139,0.5254629867,0.05378453989,0.173807612,0.4388418452,0.5232832702,0.4874183711,0.5668574666,0.02830267281
AFFX-Athal-Actin_M_at,0.0375346591,0.5669650162,0.09805758664,0.296019524,0.4433802715,0.5331560757,0.5278225693,0.4341841049,0.05171428811
244908_at,0.1721349159,0.5004024742,0.09843878206,0.2273443043,0.3478002278,0.4116330311,0.5806993159,0.4432619134,0.08692164006
244913_at,0.2001953493,0.5164851193,0.1534580457,0.1723444013,0.5653774019,0.3812250491,0.4859869378,0.4416295073,0.1006189166
244927_at,0.1912153872,0.5196586939,0.1672589776,0.1632371978,0.5681286058,0.3620013323,0.4870998494,0.4360184491,0.09984197626
244948_at,0.1775600894,0.5028383821,0.1158648364,0.2179386581,0.3953476338,0.4190670451,0.5423988251,0.469750443,0.1241595053
244957_at,0.10129315,0.5034146063,0.1449939156,0.1505979269,0.3548749666,0.3818849998,0.5184602497,0.4501494118,0.1336107647
245159_at,0.09667592664,0.5254249551,0.0543482673,0.511371566,0.3536470953,0.2040657626,0.2980019352,0.466499082,0.06880434061
245170_at,0.1369054207,0.5765564828,0.1655383103,0.2205182445,0.5171696154,0.3694210785,0.4768714105,0.4195791086,0.03239618329
245286_at,0.08389260823,0.5124846414,0.1073151099,0.308129391,0.3715736799,0.367110711,0.4574079722,0.5111633014,0.08114940965
245356_at,0.00902178611,0.4473611183,0.02000842189,0.1861038016,0.2143862999,0.551281037,0.5344453831,0.389163891,0.05305251391
245470_at,0.1266154999,0.5580845658,0.1966613921,0.08811504745,0.5332835584,0.3484315844,0.3197939056,0.3477129089,0.01634185657
245476_at,0.1455949761,0.6530637223,0.2144799476,0.2583102601,0.4852414644,0.4644438525,0.5702263663,0.4793777401,0.04399820485
245530_at,0.1179862278,0.6080044274,0.2168572758,0.1467788407,0.5372075695,0.4461693704,0.4456545472,0.4066160922,0.0318818651
245625_at,0.01589758248,0.4067841094,0.1730819228,0.1353843855,0.2518754814,0.6270653496,0.5154839324,0.4343219613,0.08700675098
245801_at,0.1259765722,0.5028415154,0.09429851072,0.2108776709,0.4111571046,0.4128176808,0.5141764308,0.3959200041,0.05332332965
245802_at,0.1693925664,0.5068572237,0.1352784299,0.1930598856,0.4698085891,0.4214281548,0.5701519551,0.4416888354,0.07248198863
245858_at,0.1883561012,0.5670969261,0.1876009402,0.2000004574,0.511412624,0.3751233917,0.4459924675,0.3603300324,0.09541529695
245902_at,0.09915896024,0.6199655388,0.1397247771,0.2673176813,0.5360067121,0.3497791415,0.3564082516,0.4244851519,0.01678956609
245931_at,0.1375439364,0.5160096415,0.01157472102,0.3477590508,0.4052534589,0.3802482671,0.5073427577,0.4702881488,7.11E-04
245995_at,0.1314200362,0.5722885506,0.2264705575,0.1361550627,0.5672431676,0.4190833037,0.3787846185,0.3710273478,0.0789876162
245999_at,0.1381267322,0.5089050546,0.03357025307,0.2467456941,0.3201279602,0.4405066847,0.5152689363,0.4809398981,0.1032391812
246023_at,0.1485293097,0.5600012698,0.08970735428,0.2836233721,0.5383446262,0.349051073,0.3952836139,0.4001736602,0.04772279116
246092_at,0.01426433165,0.5285127758,0.01932869139,0.1359798594,0.3270562549,0.4619746617,0.5243908135,0.4187731809,0.006475615825
246101_at,0.05672805258,0.6421186051,0.1577054468,0.2181801196,0.4761593351,0.429132395,0.5009338694,0.4647461139,0.009998957982
246130_at,0.1323335051,0.6070353324,0.1980528374,0.1782214682,0.5035663621,0.3512886986,0.3985937254,0.3721758187,0.06016876647
246179_at,0.1010480986,0.5753349501,0.2001900201,0.1628354672,0.541005815,0.358435586,0.3900881043,0.3626965689,0.04751114749
246359_x_at,0.2014213769,0.5804932434,0.08112830166,0.2431207924,0.4299652602,0.4173109608,0.5900145674,0.4638302273,0.05651643767
246424_at,0.05164454753,0.4408979292,0.2724280995,0.1687370763,0.3163573363,0.5185307492,0.519944008,0.2421473732,0.002318833423
246489_at,0.06138742125,0.4785852933,0.1484808806,0.1376249891,0.2647941433,0.5198430531,0.6217660372,0.2599629288,0.05758104191
246613_at,0.007229893334,0.4419912,0.1163645616,0.05271536989,0.3738600779,0.5247565639,0.5020650744,0.4441093228,0.0595911402
246648_at,0.2007902646,0.5176668502,0.07533759791,0.2170284781,0.3956441146,0.4306528075,0.5297470849,0.4362337635,0.06919652861
246665_s_at,0.239050759,0.5078542036,0.1993537312,0.1907664984,0.4714284792,0.4611625433,0.5138868598,0.4504526951,0.1157283748
246696_at,0.1368460286,0.5967110597,0.1464309162,0.1879912465,0.4489264087,0.4268830259,0.5091477705,0.4039496332,0.04664111569
246697_at,0.1470231655,0.6427388974,0.1799955629,0.2430156456,0.4277745947,0.4443887968,0.5607653616,0.449927041,0.07132535697
246707_at,0.1863930889,0.5810708471,0.1103587126,0.2580482938,0.3593041067,0.3966737019,0.555436297,0.4490607213,0.05149562765
246718_at,0.1093064983,0.5775681362,0.2150513634,0.1488406097,0.5667625914,0.4290345941,0.4291060923,0.3941753424,0.04694022798
246754_at,0.1200452895,0.5101270442,0.1553912149,0.1665182236,0.5486240752,0.2571410945,0.2852522798,0.3411403058,0.001285980683
246773_at,0.08384512639,0.5646132094,0.1538561938,0.1503370247,0.5366599159,0.3277888387,0.3577958771,0.3481043234,0.01783072404
246835_at,0.08366226017,0.632748535,0.1498745737,0.2406402457,0.5491554323,0.3629019289,0.4089742356,0.398067368,0.01824632931
246866_at,0.1659091763,0.539611999,0.07809131692,0.2591770196,0.4601826812,0.4209453292,0.5500015394,0.4379597811,0.0401142836
246894_at,0.0748742028,0.5026210702,0.05381362935,0.5016782708,0.2873674285,0.2268364438,0.2896714795,0.4559359961,0.1366739772
246923_at,0.02876436205,0.3864835071,0.09004178515,0.04433319768,0.2233511958,0.5275232515,0.5238538951,0.3052573025,0.03114720865
247133_at,0.126108306,0.5249462721,0.154696803,0.1091301289,0.5685942112,0.2880007948,0.3495553041,0.2970370615,0.04943960882
247188_at,0.1895388801,0.5653803521,0.1440681282,0.4121545128,0.3529657795,0.4344634234,0.4835579521,0.5973130478,0.08906138023
247236_at,0.06947175636,0.5378529967,0.1287743004,0.1991814711,0.3679902449,0.43131345,0.5177913646,0.411184758,0.0504125242
247381_at,0.03419099851,0.569422548,0.154414918,0.2024093249,0.5172893505,0.3042906518,0.3274583148,0.3863313648,0.01017912195
247481_at,0.1045714082,0.6171654298,0.217413071,0.1899357423,0.5681984183,0.3457397315,0.4170861562,0.3920378446,0.04250493474
247516_at,0.1994959333,0.5113446137,0.1688269995,0.1645705117,0.5715098969,0.3805473045,0.4284218582,0.3157397139,0.06664195496
247839_at,0.1134210136,0.4984494365,0.2261287454,0.09854404312,0.3206580346,0.5647471819,0.5288401177,0.2738398057,0.1191033994
248018_at,0.09282266052,0.5469818469,0.2218660192,0.174470563,0.5551930912,0.3787316661,0.4132763033,0.3348326836,0.04573487412
248072_at,0.1572553081,0.511869612,0.1865885545,0.2175014806,0.4395158172,0.4546654079,0.5106337578,0.4057818379,0.13932276
248112_at,0.1475233901,0.514945365,0.2177204748,0.1555796487,0.571843645,0.2523821456,0.2918964274,0.3388699126,0.04776648077
248206_at,0.1123573073,0.537947032,0.1850708466,0.1662063875,0.599199235,0.376823092,0.354941988,0.3518482669,0.03643453785
248214_at,0.02623849117,0.5866925433,0.1486358179,0.2104541122,0.5348042083,0.3457447967,0.3762646285,0.3952364719,0.009960375222
248244_at,0.08786957923,0.5494103775,0.1711399681,0.176145881,0.5107462923,0.3225476688,0.3425905563,0.3486511898,0.03432578252
248325_at,0.1038201851,0.54699772,0.1512738763,0.1658406727,0.5212284227,0.3263527465,0.3796086831,0.3503359715,0.0290258258
248364_at,0.1436783788,0.5090804167,0.1652276537,0.1711307086,0.5440787484,0.307454446,0.294709175,0.3907738067,0.03366909483
248430_at,0.08433018621,0.5245249103,0.1545130979,0.2348721173,0.3160895282,0.3526202676,0.5035486077,0.4218085913,0.1104586861
248599_at,0.08565029443,0.5209966862,0.232300443,0.1717363927,0.5142371635,0.2733176767,0.2099292734,0.3029362034,0.02928662147
248644_at,0.2238473668,0.5443156627,0.09499549984,0.1857517902,0.5409417402,0.4138544551,0.487125609,0.4356074648,0.01476333506
248649_at,0.08133765517,0.5536702347,0.2379146193,0.1450261733,0.5224842322,0.3240703086,0.3354103356,0.3435550087,0.09556224277
248650_at,0.1312811661,0.5408782423,0.194510354,0.1324160565,0.5494291698,0.339251526,0.3839158271,0.3637596178,0.02287758845
248702_at,0.1165332653,0.5195085862,0.2002902958,0.1438124436,0.5200569368,0.3535334928,0.3251487122,0.3152118113,0.07789533837
248825_at,0.08181741913,0.4721885071,0.0628646047,0.1107922542,0.3325612047,0.5956810112,0.5516482764,0.3911311583,0.08090563358
248860_at,0.1328664303,0.5588991022,0.1712807623,0.1393871271,0.6120383759,0.4039656229,0.4240272443,0.3551896456,0.006708613373
248877_at,0.1541294748,0.5094493675,0.006876678226,0.1715797433,0.5041370613,0.3739655622,0.4399373533,0.3571300736,0.05942189606
248982_at,0.1890467245,0.5640935201,0.1227646307,0.1950115515,0.4627903504,0.4010004534,0.554706941,0.4070250868,0.01013195541
249049_at,0.007848246343,0.4288073415,0.1874675355,0.1020924257,0.2566417702,0.65224439,0.500055855,0.4292831237,0.09973172487
249121_at,0.03329346343,0.4996319918,0.1666777584,0.004165650825,0.2953689362,0.4872150673,0.5470039155,0.5156445991,0.02110775416
249173_at,0.093308108,0.5863327892,0.1551317732,0.1918487323,0.5268860558,0.3348093798,0.3577930911,0.3876132305,0.04741780758
249232_at,0.01226257958,0.3599689787,0.1421701552,0.1358461342,0.2378801795,0.5159611756,0.505031489,0.4283328681,0.06080547084
249261_at,0.1579381195,0.5223907768,0.1813541267,0.1791508996,0.5558453496,0.2883750836,0.2995321819,0.3672888248,0.0181724704
249291_at,0.1372526375,0.517076455,0.0177215427,0.2110684851,0.5046375308,0.2945014089,0.4600579371,0.3970874613,0.06372771725
249369_at,0.1227982249,0.5367756128,0.1572169745,0.1568244399,0.5038203241,0.4367722497,0.4836722805,0.4074717268,0.05546871977
249431_at,0.1681980416,0.522878014,0.07352858352,0.2543185424,0.4167530701,0.3783507023,0.5071535006,0.4377545015,0.06297966534
249458_at,0.09942295729,0.5950424609,0.2333844524,0.1671273841,0.506220268,0.389987194,0.4667621754,0.4551081006,0.1229194751
249461_at,0.1556763583,0.5102522639,0.1756189491,0.1106467894,0.5418388692,0.2921625228,0.3065876938,0.3162373006,0.03724367195
249463_s_at,0.1186576386,0.5294358473,0.1036843099,0.2031915094,0.3644468493,0.4008065125,0.5419264334,0.4568885756,0.03715107119
249466_at,0.09256008381,0.5734197407,0.0129435966,0.1768172271,0.4371979132,0.5081532443,0.498967679,0.327508137,0.09707625127
249511_at,0.1750257577,0.5000080182,0.0747269672,0.2815007813,0.3184730995,0.3700043727,0.5219995475,0.390843815,0.07964064205
249539_at,0.1682262774,0.5382204334,0.1073853939,0.2144562922,0.4907044405,0.3734698111,0.5237395004,0.3837870789,0.03322884016
249594_at,0.1859503745,0.506748187,0.115520503,0.2283942051,0.3990385227,0.4233086101,0.5651832806,0.4095321242,0.06539862989
249604_x_at,0.1802430672,0.5355962268,0.01107466362,0.2724727421,0.5902551011,0.3608530828,0.4255218415,0.4910266127,0.02615677992
249627_at,0.08526093878,0.4635983536,0.1507584697,0.0669737134,0.3196937494,0.5358103509,0.5396250317,0.2551326767,0.1246176141
249648_at,0.1252686105,0.6569800592,0.1568028515,0.2386114147,0.5287497139,0.3855009746,0.4214137067,0.4557354944,0.009088248345
249670_at,0.1311356608,0.5591644015,0.1682051587,0.1874360582,0.5162285081,0.3566645549,0.36883292,0.3848703158,0.03620045118
249707_at,0.1115401386,0.5757151615,0.1307633606,0.2402569985,0.3752065956,0.4281475584,0.5102052202,0.4299383051,0.023695309
249731_at,0.06429915014,0.5007808692,0.1909088646,0.09156835287,0.5952865001,0.3921092166,0.3773022889,0.3718958369,0.03428565398
249892_at,0.10482386,0.5634748776,0.1394382868,0.2789787417,0.5586869498,0.3545482537,0.4047566533,0.4502229923,0.00418599959
249902_at,0.09158673271,0.5254197093,0.1676141042,0.1397798347,0.6048860603,0.3416649993,0.3118317648,0.3879869995,0.08930340042
249921_at,0.191572663,0.5618684391,0.2281296106,0.2024882933,0.5113741508,0.4388195502,0.4903845292,0.4388150174,0.08858660649
249935_at,0.1682440801,0.5474893357,0.1096741874,0.2226718851,0.4101359518,0.3844102139,0.5187209933,0.4134528994,0.06772051433
249982_at,0.01439509139,0.5083862076,0.1784175255,0.078701217,0.3104993665,0.5879889428,0.4623832155,0.4973089507,0.09425277148
250082_at,0.1630767387,0.5362309789,0.1412804461,0.2004759153,0.4519631744,0.430838212,0.5241858448,0.4308831701,0.1051452988
250136_at,0.1443804863,0.5360959955,0.2398183695,0.210248432,0.5684434996,0.3338346163,0.3432422994,0.3828847259,0.1447943862
250236_at,0.09169669284,0.464130306,0.02469387661,0.1312658025,0.2810240134,0.5393497466,0.5551573501,0.3268320053,0.05075389638
250334_at,0.07613315207,0.4242188303,0.1057518297,0.185158486,0.2604038954,0.5031048233,0.5672917763,0.3341419409,0.145143532
250345_at,0.148071369,0.5047266095,0.09971451709,0.1737096851,0.5187137151,0.3142266225,0.3582951995,0.3930870751,0.05034614834
250414_at,0.1923155053,0.6427706298,0.1158581507,0.240549289,0.474088851,0.3841047245,0.5510569638,0.4369803741,0.003782922966
250439_at,0.2018556111,0.5193468646,0.08580778004,0.4376696871,0.3243530304,0.4119626637,0.4855597658,0.655191975,0.01691147595
250458_s_at,0.03785620195,0.4459692323,0.05190789711,0.2045481207,0.3121450697,0.5708043053,0.5451888323,0.3905258537,0.02209958922
250466_at,0.1705768166,0.5379504898,5.86E-05,0.504567518,0.3343827373,0.2537238263,0.3522450781,0.4545123893,0.07340608805
250567_at,0.0750448868,0.5563293782,0.2282006968,0.1387951004,0.5429852964,0.3763431347,0.4258510052,0.3248421704,0.06738319496
250652_at,0.1277992686,0.5348954572,0.1051169443,0.1579872996,0.5509479634,0.4049972413,0.4131184905,0.351229938,0.0126072044
250659_at,0.1085059964,0.5221692137,0.1850194748,0.1998584988,0.5471094433,0.3729457195,0.3579977783,0.3375691443,0.02475827818
250814_at,0.05679657477,0.4348559332,0.1591616185,0.02123339642,0.2861330354,0.5283753427,0.5342690353,0.2364479906,0.1486925319
250873_at,0.1330316092,0.5317260348,0.1360460005,0.2305621102,0.3297143141,0.3552703401,0.5429015098,0.3696816343,0.03663142105
250962_at,0.1425796173,0.5692877968,0.2208327467,0.2117475166,0.4838273849,0.451617424,0.5313628598,0.4246469544,0.08754102764
250963_at,0.1674406869,0.6188447721,0.04786261088,0.4016849842,0.4770171202,0.3439961853,0.4327222804,0.5576490485,0.004118410363
251064_at,0.1205799803,0.591392618,0.1768153094,0.1719759234,0.4825050672,0.4239971558,0.5498958459,0.3970835666,0.06944826312
251129_at,0.1621146013,0.5587848039,0.1490426865,0.227240603,0.4773376594,0.4170636273,0.5283623095,0.4135436292,0.04136914386
251204_at,0.2405358522,0.5423039569,0.2194391154,0.2044185966,0.5228671855,0.4309190532,0.4979225346,0.4521739948,0.1456797576
251236_at,0.06006527581,0.5597725692,0.08708147038,0.1169843312,0.552633053,0.3246806681,0.3346552332,0.3673639482,0.04547924015
251275_at,0.1610929973,0.5363102999,0.1771009175,0.1795192141,0.5256733963,0.4637540496,0.4315547115,0.3985104312,0.09624705263
251337_at,0.004680458775,0.5412653022,0.06346491377,0.2830131595,0.334238202,0.4974393677,0.5114297385,0.3246699325,0.07438639465
251338_at,0.1040864035,0.4482667377,0.1700213644,0.1594324506,0.2659753503,0.5087608202,0.5415548867,0.2778333676,0.1340335926
251547_at,0.06503800572,0.5212639609,0.2304180328,0.1499441169,0.5311608047,0.285447367,0.2219919416,0.2826012651,0.02961823795
251557_at,0.1278624063,0.5277514738,0.1302856399,0.2087438833,0.3718159987,0.473929039,0.529508836,0.4830641223,0.05893516007
251567_at,0.1780605334,0.6064734354,0.1307234082,0.2534484127,0.4924149561,0.4265240233,0.5337263507,0.4761072499,0.05277730117
251572_at,0.1780018181,0.4858858477,0.102788367,0.2120937283,0.5149286185,0.435282793,0.5547427551,0.4090775735,0.05361837813
251613_at,0.1795716613,0.582513107,0.07042297613,0.2550952216,0.4517290921,0.393826599,0.5548685228,0.4720647762,0.05228453086
251632_at,0.1162654832,0.5477226051,0.2542418129,0.1578860781,0.5420549311,0.3941590617,0.3358980577,0.3416374851,0.1335203231
251702_at,0.1166866996,0.5403967365,0.1789424993,0.1547914843,0.57867601,0.3514969731,0.3869628269,0.392560335,4.60E-04
251703_at,0.1719271971,0.5482365176,0.1319788688,0.1621257557,0.5820258787,0.4405890132,0.4672748093,0.4159522121,0.02366536678
251738_at,0.08712856038,0.4657404187,0.248446551,0.1023081647,0.3638830927,0.5609999782,0.5550405499,0.2777069584,0.02222852382
251836_at,0.111505485,0.5145314339,0.0188665829,0.5088961287,0.263126298,0.1869575972,0.2948466285,0.4341562006,0.08674821909
251909_at,0.1171126532,0.6118922625,0.1082677065,0.2609373513,0.530264764,0.339278565,0.405158311,0.4390229162,0.02328078395
251933_at,0.1773434941,0.5611257774,0.1657349257,0.3438052696,0.5287264377,0.2870533839,0.3541860266,0.4336542061,0.009604108388
252171_at,0.04564803816,0.3986961122,0.2315080257,0.01034305769,0.1953048569,0.5427614798,0.6289386362,0.3317679404,0.1526964925
252177_at,0.08217692546,0.6316630401,0.2219761324,0.2234401684,0.5114216709,0.4260837688,0.439663567,0.4434313217,0.03734686254
252301_at,0.09898429522,0.6753752225,0.2249298835,0.2628089773,0.4716282969,0.4449375243,0.5299461686,0.4410738103,0.05964755884
252307_at,0.1555063715,0.5483643931,0.1443884398,0.2644741025,0.4458025295,0.4625883015,0.5956191982,0.4277341016,0.04367697065
252456_at,0.1687818913,0.6055183863,0.1516317476,0.2226884512,0.5156842742,0.3345830978,0.4209656311,0.3874455131,0.01619820147
252503_at,0.1695957728,0.5646734811,0.2117625672,0.1876344939,0.5109197359,0.3270938636,0.3640811677,0.3456784433,0.01847785634
252564_at,0.2419721611,0.5568356155,0.1497490957,0.4104846935,0.4526061186,0.3293541761,0.4619411076,0.5453430896,0.00541905806
252590_at,0.1661670601,0.5911465544,0.1475798136,0.2415924888,0.4234211191,0.4313268041,0.5211643796,0.4427625783,0.06617282769
252658_at,0.1632430175,0.5252601116,0.1324273091,0.1933045796,0.5051932271,0.3925221939,0.4500045936,0.3710017899,0.06845795923
252690_at,0.1282483974,0.6161163093,0.08579886686,0.2066958505,0.4121369913,0.3998839045,0.5287572943,0.4420942746,0.02054209006
252753_at,0.1883328406,0.5131618464,0.1385502683,0.1704948384,0.5833889535,0.3950913677,0.355234581,0.3617276117,0.08607276161
252773_at,0.1343091456,0.5699021712,0.180704258,0.1633876131,0.5634597789,0.4087377062,0.3967927523,0.3770256386,0.01955134482
252774_at,0.09453739054,0.5173866465,0.2374471446,0.1047652936,0.5180435568,0.3257167763,0.3113346784,0.33415237,0.04825056799
252776_at,0.1441165596,0.5198173818,0.1861109207,0.1176662906,0.5189937297,0.3575974264,0.3771925041,0.356891635,0.003570376523
252797_at,0.1483380054,0.5368649645,0.1716882654,0.1217968118,0.5245608286,0.3946028775,0.4333130561,0.3219263756,0.05212865431
252841_at,0.1574633365,0.5045895785,0.07802165997,0.1481968654,0.3790939736,0.4338183328,0.5177770527,0.3897601735,0.0414764763
252845_at,0.05239206102,0.4238589321,0.162342413,0.1526384462,0.3120293056,0.5283294034,0.5874314912,0.4554383455,0.168226049
252849_at,0.1772191402,0.4002544043,0.09347844984,0.2449353793,0.2938754472,0.5051927897,0.5284524904,0.3561198396,0.04637082514
252967_at,0.1620868462,0.5284881251,0.2545944557,0.1829037576,0.5188346078,0.3115167652,0.2346114375,0.2620687289,0.1274833789
253026_at,0.1551037226,0.5000617937,0.09445210381,0.210334834,0.5028663015,0.2257511163,0.2428559775,0.3181302976,0.004604152961
253134_at,0.131006627,0.5493328237,0.1103500506,0.1947003289,0.5789184745,0.358389888,0.4182467641,0.3831757441,0.04080614357
253169_at,0.1678273986,0.5845966658,0.1590896769,0.2122546037,0.3736610128,0.3722678463,0.5025441441,0.4401839725,0.09383174912
253315_at,0.08877981612,0.5049181966,0.1118120821,0.2482837582,0.3252962509,0.4160864344,0.5031444144,0.4410099805,0.09707399216
253426_at,0.151833504,0.6359735726,0.1266067078,0.2256545484,0.555087832,0.4084062662,0.4657592642,0.4656414672,0.0307698154
253442_at,0.05936850382,0.507200642,0.2677784969,0.1008169559,0.2924787153,0.4733365907,0.5163434451,0.3773324921,0.2230007877
253472_at,0.08865518526,0.5647097194,0.104892296,0.2795230907,0.4292035731,0.4328916116,0.5499292567,0.4405935332,0.05092773194
253523_at,0.1314174977,0.3928081153,0.235815193,0.08507383295,0.2677988181,0.628448305,0.5378826503,0.2237944156,0.15684368
253727_at,0.04564677117,0.5050573442,0.09936862776,0.3801990489,0.3526075192,0.351873827,0.4804052078,0.5528364297,0.09139349227
253918_at,0.004236800694,0.5604371837,0.2188755759,0.311492149,0.3738649081,0.4325861718,0.4812438152,0.5054112237,0.1031009701
253927_at,0.170697937,0.5193040341,0.08234102258,0.1620261861,0.4379137825,0.4342556728,0.4546132126,0.5062795944,0.04789002406
254005_at,0.1832297053,0.5710328638,0.1408151002,0.3465311377,0.5520083885,0.2804073662,0.3112979267,0.4286887503,0.02572635917
254070_at,0.1764364325,0.5995923774,0.1470246914,0.2557631676,0.4320337807,0.4129152816,0.5533142268,0.461777791,0.06586038701
254086_at,0.03896281531,0.4954597273,0.1720755597,0.2829324924,0.2739748634,0.5320155605,0.5661509504,0.3165405072,0.05981316455
254183_at,0.1282371535,0.5111186288,0.04147135448,0.3768017978,0.5555172469,0.2104692742,0.2297176676,0.4406783814,0.08943566796
254311_at,0.1546672462,0.5509767107,0.1607972329,0.1356905904,0.486625817,0.4057950549,0.503535619,0.4482875323,0.04529301437
254325_at,0.1982845609,0.5984958408,0.1720964266,0.2072568618,0.5786765873,0.4059412069,0.4281855308,0.4279084846,0.03847069185
254365_at,0.102274619,0.5271377061,0.1878614909,0.221842505,0.505232864,0.3728367449,0.4989560646,0.4101632816,0.06675957622
254470_at,0.126107228,0.5419726098,0.1108616499,0.2632448609,0.3167496176,0.3585224792,0.5318501699,0.4233757199,0.06944754305
254516_at,0.1273802913,0.54137294,0.1450772106,0.1821534617,0.4327526175,0.3741411277,0.5165060483,0.3926642298,0.09579526814
254653_at,0.126156291,0.5482065409,0.2065410539,0.1834683251,0.5809056113,0.4265766991,0.4497303512,0.3846037985,0.05060336525
254838_at,0.1681324028,0.5755217023,0.2149267898,0.1869836322,0.4725935478,0.4137277414,0.5026671634,0.4373228681,0.09848849531
254855_s_at,0.08482416941,0.5171812203,0.1181897351,0.1689248983,0.5029303849,0.3695741264,0.4730247299,0.4507050713,0.05632475087
254881_at,0.1283059908,0.504827143,0.1337912197,0.2641553149,0.3213136614,0.3396884884,0.501844639,0.3750849843,0.03391439104
254885_at,0.1480860798,0.5897998533,0.1881286606,0.212178962,0.54562355,0.4320631317,0.4765137781,0.4472820262,0.02914268358
254925_at,0.00533544692,0.4052135664,0.2197225644,0.06261530378,0.303864278,0.6030236742,0.5949433966,0.2778970484,0.09901199022
255060_at,0.137138371,0.5424053016,0.1582330858,0.2018084818,0.5063683001,0.3149372059,0.3913893456,0.3578385511,0.02514298503
255108_at,0.2157347571,0.5786171144,0.1809988287,0.1405867758,0.6022451688,0.3485058748,0.4326535039,0.3813345159,0.06900906883
255120_x_at,0.209085596,0.5083874396,0.06968413467,0.235227421,0.4372174545,0.4404273803,0.5797467243,0.4264513127,0.03756022981
255186_at,0.0680642731,0.6190594828,0.09000542863,0.2016056463,0.4182926466,0.4342238672,0.5491241596,0.49964614,0.00673667411
255197_x_at,0.1796299804,0.4622391619,0.110138583,0.189211935,0.5267762883,0.4104043778,0.502089461,0.3972661273,0.01288561252
255228_at,0.1503233042,0.5489691359,0.1410402883,0.2056348616,0.4417991907,0.4019840608,0.5003732581,0.4154202885,0.1068508594
255244_at,0.09135970032,0.5090996418,0.2050598322,0.1370739406,0.5434848575,0.358132225,0.3812326233,0.3073115636,0.005167517261
255268_at,0.1411065293,0.5893925472,0.1149992437,0.2968460963,0.457551017,0.4524237507,0.5499842485,0.4848381145,0.03033302244
255271_at,0.1247283963,0.6191348769,0.1997671408,0.1617392862,0.5051058636,0.3414648085,0.4870573228,0.3678702781,0.04731019939
255287_at,0.1639760484,0.5097855135,0.1508983059,0.1581524098,0.5346116417,0.3680679335,0.3893644556,0.328130226,0.02359950246
255293_at,0.1690492711,0.5118789039,0.1295300925,0.1044559773,0.5507818598,0.4064124934,0.3944267549,0.3636057969,0.03332745616
255362_at,0.09209925466,0.5582257532,0.2610988374,0.1261449003,0.5191910703,0.3363324965,0.3007256972,0.3486370382,0.03813536506
255387_at,0.1773500212,0.59837841,0.2104059893,0.1504027649,0.6270302628,0.3814087226,0.3771416784,0.3932032978,0.03986626716
255408_at,0.07470307621,0.5137659271,0.1124694495,0.09041628068,0.5378541266,0.2760974968,0.2582147312,0.3167534916,0.04207804879
255442_at,0.08474996157,0.4100791467,0.01911586138,0.006559707422,0.3157684384,0.5798985324,0.5042189196,0.330139088,0.0492144924
255505_at,0.1344246717,0.5017533949,0.08697317256,0.2724902212,0.3172701179,0.4725731423,0.4790737214,0.5236047927,0.09987001341
255518_at,0.1564730087,0.6151700172,0.1647703543,0.2168585648,0.5540330998,0.4466052746,0.4873971775,0.4603611081,0.04046984902
255523_at,0.1802034896,0.522385049,0.1033120486,0.2558575838,0.5363702885,0.3713447748,0.4410391489,0.3781948622,0.004422189887
255570_at,0.1405768829,0.4868286265,0.1779027076,0.1140418951,0.2790912335,0.5640463905,0.5270623115,0.3536206284,0.126903557
255752_at,0.1620229019,0.5001303359,0.08397077726,0.2811272199,0.3483217995,0.4613242022,0.5178829986,0.4756892565,0.03023618374
255813_at,0.18828787,0.5263490962,0.2289071951,0.129298348,0.5735398901,0.4425030501,0.3988135948,0.4152171223,0.08847180051
255820_at,0.0746345875,0.5316838623,0.2407810118,0.1083007465,0.5779529467,0.3533626826,0.3366310673,0.3911679975,0.04283329889
255868_at,0.1867443563,0.6140106837,0.1205126836,0.2347893451,0.5918220459,0.3780208348,0.4307503005,0.4391842538,0.01564914787
255927_at,0.1959858998,0.5587158664,0.2709994099,0.2257818637,0.5332157021,0.3460091341,0.4085134917,0.34284139,0.1337582676
255944_at,0.1307213216,0.5786023287,0.2380781,0.1508933117,0.6058601138,0.3988106841,0.4132177654,0.3409774559,0.08220936184
256023_at,0.1452910073,0.5313941613,0.1558044352,0.1974613554,0.3446758531,0.3652629064,0.5205394923,0.3645302565,0.1510236369
256048_at,0.1104787461,0.506028523,0.2243981555,0.1153570778,0.5574712707,0.2841014703,0.2555609303,0.284461121,0.04123658094
256087_at,0.1403170912,0.5208899743,0.181609123,0.2017134586,0.5740677053,0.4458496371,0.4817582767,0.4109629565,0.04772126108
256126_at,0.122350446,0.5874983519,0.161142056,0.2215772017,0.5225306774,0.3503658903,0.4036529799,0.3361315017,0.03427378349
256277_at,0.07455519231,0.477101248,0.01340725112,0.08604584163,0.2903978522,0.5474493015,0.5946470725,0.4191460511,0.03541747055
256301_at,0.03987252091,0.5049905673,0.2051007766,0.1158986237,0.3588210386,0.3697188317,0.5032442412,0.2441573703,0.1845358346
256375_at,0.1169246764,0.6309339655,0.1061030636,0.2627058782,0.4095322363,0.3940062195,0.5417318907,0.4703199175,0.01535699769
256393_at,0.1145710846,0.5659635532,0.1843054993,0.157721913,0.5515573127,0.399556493,0.4310724156,0.3956454137,0.02278988552
256410_at,0.113504183,0.559431287,0.1807425962,0.1550707229,0.5086164692,0.4090587821,0.4380131305,0.4103082104,0.04118302725
256439_at,0.02829228785,0.5639828993,0.09102783676,0.2320255521,0.3595753132,0.4264865745,0.5355612005,0.3951504226,0.05789733365
256552_at,0.08721250938,0.545032312,0.2236475496,0.07671313171,0.5666449354,0.3488362436,0.3124999658,0.3785831081,0.05266229963
256704_at,0.1058724165,0.5494799972,0.171971707,0.1867696784,0.5333065096,0.355170498,0.4223119347,0.3698287261,0.007872336798
256760_at,0.2030852605,0.5165562659,0.1687367529,0.2454072194,0.4574308487,0.4369880675,0.5780272187,0.4653667732,0.1298087997
256831_at,0.2059846336,0.5364835009,0.2055727978,0.1566240642,0.5737942139,0.4717867244,0.4393925788,0.4198372666,0.1214424189
256834_at,0.1822960887,0.5502636999,0.09009261369,0.2183347281,0.4988552707,0.4215603013,0.5161820421,0.4200947218,0.07061682973
256879_at,0.1401917392,0.4105573976,0.06144408216,0.05529968642,0.2112277093,0.5155883182,0.5397493978,0.2937240464,0.1226627154
256946_at,0.2462010472,0.5168899518,0.04645141944,0.3008000836,0.4434157354,0.3286371539,0.474231828,0.5084563615,0.01220968465
256988_s_at,0.2053686732,0.4474360053,0.2048506239,0.1438701059,0.3477949977,0.5144009812,0.5297132143,0.4412491816,0.1930433705
256992_at,0.09283580476,0.5017037837,0.05293560478,0.5026008112,0.3154039205,0.1980458461,0.2786392909,0.4463035489,0.1332514174
257106_at,0.1693527852,0.503813679,0.02983708318,0.4123383314,0.5282724066,0.2803240149,0.2659481507,0.4460190557,0.05265536599
257165_at,0.1575067258,0.6243966399,0.1645443268,0.2713342985,0.5030434103,0.3962577821,0.4731710847,0.4581595597,0.05714795783
257242_at,0.04316421245,0.5042600768,0.1401398784,0.2784920393,0.3213183735,0.3053664513,0.4114594549,0.5028718298,0.006662943143
257305_at,0.05845728343,0.5710106579,0.1949540317,0.1492918822,0.5082059313,0.2909766904,0.2695778384,0.2920251875,0.001259835072
257326_s_at,0.144391126,0.5220607761,0.1392763451,0.1680753384,0.4953378815,0.4085474308,0.5510550587,0.421519605,0.07544225232
257343_s_at,0.1766113068,0.5200860034,0.07619883249,0.2316513133,0.3653873055,0.4423575861,0.5929967325,0.4194325775,0.05883575259
257359_x_at,0.1727004533,0.521509813,0.1071476971,0.1906508963,0.4587795919,0.4448496003,0.5388763275,0.3726357706,0.0913509404
257379_x_at,0.195111426,0.5180018543,0.09832375826,0.2461690966,0.4119326424,0.4105947992,0.5775879306,0.4084894541,0.0555395581
257390_x_at,0.1508210969,0.5754626832,0.1818054097,0.2000497602,0.4401840723,0.4364075741,0.5425874274,0.4355667124,0.04748905381
257449_at,0.1200644177,0.5738723446,0.1449711613,0.18138724,0.5144304128,0.4218789031,0.4999605902,0.4213792957,0.04586042779
257457_at,0.1097845457,0.5391197442,0.1478581042,0.143817249,0.5846238726,0.4358133007,0.4432289923,0.3946928825,0.02657885534
257494_at,0.1583891886,0.5146352139,0.1516087067,0.2110185193,0.5540355472,0.4029683546,0.3969954559,0.4441468059,0.1282943713
257525_at,0.09299465254,0.5711435054,0.1669861543,0.1371506974,0.5699458246,0.3631623617,0.3859691673,0.3918169827,0.03120263672
257544_at,0.1407641356,0.5127620487,0.2363807955,0.1492699558,0.5622339148,0.3697543429,0.406647848,0.3876662807,0.1434146219
257549_at,0.1834419298,0.5625349179,0.1104117645,0.2089257136,0.4507305524,0.4812205638,0.6216841064,0.4427350022,0.05014487168
257562_at,0.1768658874,0.558773706,0.1328715479,0.2432562199,0.4050389327,0.4229017942,0.550507591,0.4400076861,0.07668001462
257576_at,0.1441172693,0.6070635519,0.1384707286,0.2682321363,0.4916823979,0.424253752,0.5374388843,0.4478124943,0.02031535603
257581_s_at,0.1249015476,0.517516537,0.06363593326,0.2315531289,0.4084854209,0.4355045258,0.5660805942,0.4468149399,0.08381695229
257589_at,0.01860305513,0.534586259,0.159539979,0.2540589086,0.304846036,0.3304984864,0.3898773381,0.5152135123,0.08587736543
257606_at,0.04219968019,0.4417163154,0.3936129461,0.1783221081,0.2570005517,0.5265577251,0.5861523358,0.4670325219,0.2278498541
257656_at,0.1144100814,0.5303279885,0.1005370974,0.2305005555,0.4524622091,0.4060767685,0.5402808315,0.4723585513,0.06450947237
257693_at,0.02421071811,0.5686992856,0.2207373201,0.1946361199,0.5075019772,0.3490109277,0.3133379762,0.3386559442,0.08934109347
257776_at,0.1594113252,0.5483794454,0.1839732384,0.2497886329,0.4662151765,0.4495552724,0.5170791575,0.4543738622,0.0402769629
257779_at,0.0868863565,0.5847751537,0.09502971086,0.336870129,0.3479757081,0.3617081665,0.5128871961,0.4908601341,0.06212914358
257795_at,0.04460256997,0.5045292575,0.1341342181,0.1299303066,0.5304258172,0.355174051,0.3461381014,0.308930759,0.01183758133
257913_at,0.06604830099,0.5788139647,0.1745331035,0.1027129666,0.288421014,0.485889935,0.4536143115,0.5426232183,0.1548028762
258032_at,0.01396869931,0.6279318378,0.2046294542,0.2439701947,0.4088034468,0.4369615524,0.5206952964,0.48160625,0.02045090109
258142_at,0.1190473458,0.586856268,0.1757555487,0.197770161,0.4352055685,0.4317352861,0.5117834689,0.3949274121,0.02901879367
258195_at,0.1366707829,0.5677677416,0.1076930728,0.1899415881,0.3930119231,0.4417902646,0.5165754689,0.4117168231,0.09147988192
258304_at,0.1367536743,0.5177791665,0.1187308797,0.1709931908,0.318236401,0.4315895719,0.5326335021,0.4104287906,0.0611693272
258354_at,0.1822323911,0.5201875492,0.1864932396,0.1861868658,0.605190121,0.3814775895,0.4903784938,0.3671294679,0.0724198432
258442_at,0.1926051189,0.4498688791,0.012259104,0.5577137513,0.38084286,0.2171459343,0.3232922601,0.5325654427,0.06828221186
258459_at,0.1027568929,0.5942604247,0.1678673251,0.2527047973,0.5133923327,0.3528065156,0.4095241201,0.4053210345,0.09026350348
258489_at,0.02520706692,0.3655452361,0.2078781277,0.1173223136,0.1854759122,0.5133580135,0.5112818094,0.1961505463,0.07163336094
258500_at,0.1871615741,0.4033649332,0.206268156,0.2136432127,0.3171417091,0.5238236722,0.5480294039,0.4462748112,0.08381791757
258539_at,0.1596471563,0.5303660767,0.05594732587,0.2429356642,0.343514736,0.3798680449,0.5214270211,0.443576132,0.02328211567
258715_at,0.1196425687,0.5008727036,0.06597342599,0.150946701,0.2581426351,0.503567635,0.4846578041,0.2472402296,0.1207130744
258775_at,0.1468961744,0.5115876921,0.04209271142,0.1983091847,0.5273285649,0.4150549024,0.4368611703,0.4201387204,0.07837084445
258808_at,0.1434270304,0.5815108719,0.2119023401,0.1714536622,0.5516076281,0.4175227324,0.4719760885,0.4641378985,0.1084233621
258829_at,0.0258578534,0.4305311493,0.1643139045,0.1668079357,0.2050695671,0.5666675131,0.5482001324,0.3361983959,0.01895171216
258918_at,0.07643080533,0.6247921706,0.1386764706,0.2794886783,0.4044008925,0.3889565009,0.521357925,0.4982046564,0.0788528739
258959_at,0.1535007225,0.5055401924,0.1452308789,0.2521174271,0.5454689474,0.2769923539,0.3859788014,0.3321456071,0.06401753382
259135_at,0.1773419899,0.5348858139,0.1993271493,0.3013994596,0.4571088226,0.3054712401,0.359482963,0.5065403256,0.09790586362
259203_at,0.07479328248,0.5285004447,0.2128177806,0.1229954168,0.5217805804,0.3314224358,0.338997916,0.2831409077,0.04812167189
259361_at,0.03694339207,0.5691980648,0.04299442838,0.322283537,0.3563778979,0.4694004958,0.601251983,0.4888311029,0.01084758758
259407_at,0.1353644498,0.470487709,0.2669103462,0.06554531105,0.324258851,0.5346644943,0.5300824498,0.3442559702,0.08887226891
259408_at,0.07694628548,0.3507578011,0.303038011,0.09122476233,0.1953485426,0.5263424186,0.5352785284,0.2242033243,0.1996265169
259494_at,0.1496892854,0.6186675155,0.1550192996,0.2466424239,0.4285741133,0.4027954109,0.5557875152,0.4285541344,0.04908152033
259504_at,0.1018059973,0.3846034971,0.03496610055,0.01054747841,0.2920024323,0.5448480223,0.5653566388,0.4153122631,0.0147206335
259509_at,0.2203664446,0.5595599299,0.1024380481,0.2196470296,0.4385274435,0.4055256535,0.5158323672,0.4355138928,0.0563512115
259590_at,0.07542198089,0.6156041174,0.1648450287,0.1642901348,0.5073340734,0.4225136353,0.4594375628,0.3928336528,0.04277429465
259781_at,0.1451809533,0.5106537925,0.2175345707,0.07087141098,0.5316824151,0.4105211762,0.3052996863,0.3329005814,0.07547456538
259795_at,0.04823226964,0.5151115223,0.1479988798,0.1854957336,0.5630669397,0.4094682343,0.4533556319,0.4777356153,0.07917788697
259811_at,0.1344337039,0.5329492013,0.2788713673,0.2615788543,0.5162273651,0.3798961457,0.4097469635,0.3802999169,0.1595069134
259865_at,0.2408385793,0.4987251122,0.2019719251,0.3648587836,0.299287589,0.411716537,0.5838789813,0.5406521255,0.112185967
259931_at,0.1048884919,0.5810843945,0.1914005752,0.1994704112,0.3435803333,0.4385951275,0.5531010574,0.4663597051,0.09341730351
260066_at,0.1126635223,0.5074104395,0.1699133386,0.1811734811,0.5246110485,0.3159875515,0.3874856366,0.3154812585,0.07680501718
260198_at,0.165578051,0.5369272659,0.08543119021,0.1450783729,0.47752601,0.4600351297,0.5907446773,0.4321363556,0.0183443781
260218_at,0.1518410838,0.5101148723,0.1145044683,0.2144828898,0.3387138687,0.424715856,0.5722167149,0.3913297674,0.07288728856
260383_s_at,0.02163182459,0.5407188363,0.1204644195,0.2332352853,0.349573686,0.4630699614,0.5013199213,0.3358095661,0.1256248621
260424_at,0.1573629031,0.5605114512,0.1270932768,0.2497815457,0.5459502174,0.2699828003,0.3217710697,0.3531660658,0.02610997912
260482_at,0.05566805295,0.4690443975,0.08623984525,0.1622910796,0.2230983266,0.5232489466,0.5383289707,0.3423406285,0.106701119
260497_at,0.05452427217,0.5120553052,0.131034197,0.1584156727,0.2979531372,0.516924183,0.4724222965,0.2721778642,0.1407436573
260571_at,0.1381107073,0.3261700488,0.4227964166,0.1079555123,0.2033972959,0.5429116576,0.5097485041,0.3271506085,0.2765587607
260692_at,0.134668235,0.5024039105,0.1780286432,0.1499001957,0.5097305974,0.3638962072,0.3595699927,0.3595340833,0.08156554582
260698_at,0.1747789572,0.5612999606,0.141037617,0.2566133744,0.4639808832,0.3912657487,0.5674069758,0.4326784438,0.07542795004
260699_at,0.1433939587,0.532925721,0.1905671026,0.1813381946,0.5515042259,0.3075878554,0.3404725812,0.3835674076,5.88E-04
260721_at,0.1253833959,0.5335370513,0.1277759435,0.197246447,0.4575595564,0.4391513399,0.5331411723,0.43341471,0.06277844693
260808_at,0.1577393516,0.5274758265,0.1773634195,0.1878689451,0.5478067102,0.4004756096,0.4339524334,0.3654756519,0.06064005733
260849_at,0.1870626236,0.5033835909,0.02872288591,0.3238147522,0.3861408951,0.3797875552,0.5443918534,0.4660151776,0.02640633056
260850_at,0.1951287196,0.554104011,0.1262021725,0.2108662811,0.6447643398,0.3990692123,0.4532604733,0.4025577778,0.02420710435
261093_at,0.1717596228,0.6200070258,0.1787718858,0.2033470046,0.5913869191,0.4062186782,0.4922569554,0.4491110813,0.03714084875
261251_at,0.08137911659,0.5468242821,0.1287275842,0.1874078685,0.574482075,0.2827951882,0.3088246745,0.3511687723,0.00457809126
261355_at,0.007993959391,0.4175312376,0.03927660967,0.01240098431,0.2865603102,0.5334700963,0.553983235,0.2811093579,0.06702448986
261360_at,0.1746374214,0.5537688056,0.1532120177,0.1614951895,0.5740834383,0.4066582197,0.3959021789,0.3560927392,0.06951698485
261529_at,0.08840797007,0.5401600259,0.203100769,0.1874089736,0.5659057642,0.3640449351,0.3516280105,0.3411769892,0.03028897068
261589_at,0.046000809,0.5972731184,0.203909148,0.2032780005,0.5398697281,0.3032033577,0.3530009749,0.391364103,0.003325328553
261621_at,0.02375018544,0.3997673222,0.08174268857,0.0466404803,0.213691207,0.6093038859,0.529570369,0.3225394115,0.02328610813
261639_at,0.09986273499,0.411468123,0.02839660653,0.2417943635,0.292491711,0.6163397123,0.5137321262,0.260838722,0.004940832243
261670_at,0.2147122027,0.5289004019,0.1705414133,0.4001886643,0.4354617847,0.3294689445,0.4242397415,0.5205016578,0.0558095825
261699_at,0.2040151214,0.5760863923,0.2144999771,0.2135718898,0.5861848382,0.4221996321,0.4340031463,0.3983836674,0.08848656362
261737_at,0.167250569,0.5339167736,0.1791677326,0.1599309535,0.5978691094,0.4079893137,0.4252442135,0.3720317204,0.0765845952
261799_at,0.1715005534,0.5760236839,0.1364860432,0.1907649858,0.5386329513,0.3823164465,0.4881292755,0.407870945,0.01452686614
261869_at,0.1315670498,0.5484591565,0.2636121232,0.1627108293,0.551552927,0.3362539022,0.2803774293,0.3470906394,0.1005047692
262013_s_at,0.1489146713,0.5179792306,0.127989892,0.2002278871,0.3427704573,0.4007948442,0.5268342909,0.3962623276,0.06961773496
262042_at,0.1345829118,0.6028781187,0.1450312512,0.2586250986,0.4854770691,0.3850147195,0.5360981914,0.4270366327,0.03204528221
262064_at,0.1017562889,0.5345923201,0.01071105214,0.3082541468,0.3222474772,0.4891641912,0.5694052897,0.3130128342,0.1291543591
262123_at,0.1583546111,0.6001952492,0.151817503,0.2710719158,0.4890405672,0.4258634581,0.5198240134,0.4464697103,0.07083031995
262167_at,0.1514793334,0.5223592779,0.151844936,0.2610015268,0.5859603241,0.3523818808,0.4007055742,0.409928725,0.02451763011
262178_at,0.120214773,0.5195677316,0.209871975,0.2038285546,0.5830277155,0.3571430233,0.3744807087,0.3637976911,0.09001754699
262195_at,0.2032911466,0.5801553248,0.01131267453,0.2573639929,0.4415072391,0.4588223839,0.4955601834,0.5050810935,0.1028256652
262214_at,0.1480270124,0.5561942904,0.1979463668,0.2025251021,0.5252854629,0.3879069931,0.3304546343,0.3804582338,0.1006467503
262271_x_at,0.1943639086,0.5461585922,0.1251282954,0.2369892171,0.4766010284,0.4294265168,0.5283055962,0.4234804458,0.08129804676
262352_at,0.1148824315,0.5583301985,0.2046891256,0.2216523722,0.5225626053,0.2910340488,0.3083730505,0.348315976,0.02310885618
262358_at,0.1691720447,0.5635029558,0.1733913968,0.2268144175,0.5742392413,0.3118395448,0.3836086,0.4496731534,0.0962780809
262425_at,0.186269616,0.5695149632,0.1916208936,0.2084980536,0.539369731,0.337814963,0.3334756709,0.4074992966,0.06534791171
262442_at,0.06817076696,0.6077310911,0.1345450363,0.1239120587,0.4273692317,0.4862790366,0.5719996285,0.3605314269,0.04498132334
262462_at,0.1593327805,0.5128074029,0.0890268321,0.1635084789,0.5023608177,0.3890421046,0.408458046,0.3610733968,0.01573787533
262476_at,0.06570997415,0.4072332941,0.1611100501,0.1250148604,0.2564011968,0.5412480476,0.5702959625,0.3516660467,0.07509449494
262684_s_at,0.01688029982,0.4343565748,0.1862743725,0.1670386764,0.3232156631,0.5351193349,0.4888708389,0.5411043751,0.153987836
262771_at,0.003799974706,0.6001771947,0.150470069,0.1873225122,0.5352431034,0.3571049343,0.3883546711,0.4336292081,0.04414414183
262792_at,0.1592251996,0.5033062805,0.1413769415,0.2290844116,0.577520626,0.3586792887,0.4472143809,0.4263734383,0.09530098495
262837_at,0.04446997017,0.3602979482,0.3650698726,0.1248873398,0.2814557971,0.6028095359,0.5174061211,0.2411001241,0.209636705
262991_at,0.1212840341,0.5627239331,0.1237219358,0.1746953327,0.5230989032,0.3624095593,0.4459939,0.4105287183,0.0373720112
263045_at,0.1589583526,0.5224690137,0.2097444387,0.128777969,0.6157382035,0.3220774265,0.2949030594,0.2865170637,0.04299929656
263195_at,0.1565695081,0.5174255806,0.2242499754,0.1586252486,0.548936977,0.2738580259,0.3145719612,0.3300454633,0.07354285898
263197_at,0.1425821177,0.5610291281,0.0705409564,0.1854251538,0.4436461307,0.4209818639,0.5424851006,0.4155773026,0.02437942806
263341_at,0.2147505273,0.57563992,0.1675422526,0.2345019083,0.4046848625,0.4525750905,0.5354480723,0.408012316,0.1012369924
263489_at,0.1669713234,0.5097409421,0.003164574227,0.5017317392,0.3940672075,0.2240752712,0.3314851545,0.4609750173,0.09220490578
263516_at,0.06166092965,0.3953862267,0.1304811686,0.07252799152,0.277817591,0.5496616368,0.5283882206,0.4035751025,0.03445285274
263592_at,0.1855864883,0.5213529458,0.1082472712,0.2636481899,0.4025599311,0.426886077,0.5639012991,0.4525067819,0.06000107778
263608_at,0.1425348852,0.5444769192,0.2754773017,0.1824166501,0.456649615,0.4628054267,0.5125500952,0.4366922485,0.08036934092
263663_at,0.004684937283,0.5363201793,0.0416586798,0.2846270088,0.3515732869,0.5087416069,0.4752252288,0.4871886,0.02461216521
263692_at,0.02281763723,0.4707846245,0.1679992153,0.07593986756,0.3093680496,0.6280995858,0.5741335297,0.3112526737,0.06175432855
263728_at,0.1643635329,0.4420205143,0.1562618117,0.1322903873,0.2683627618,0.5108948786,0.5164227367,0.3606072036,0.02730431003
263735_s_at,0.1317203813,0.5260703526,0.0455260737,0.3029490312,0.4553776373,0.412911581,0.5130295858,0.4240429902,0.0253113863
263743_at,0.01039342749,0.487032754,0.1886929181,0.07493647347,0.253524507,0.563927463,0.543393753,0.2597178748,0.01907957167
263770_at,0.1468391745,0.5591991272,0.2024566336,0.1736929707,0.573215498,0.3921835435,0.3984032849,0.3577189376,0.04110444581
263819_x_at,0.1773606835,0.4407894431,0.06309488319,0.1532253435,0.5057144495,0.4493220255,0.5318009057,0.4228496231,0.04692018769
263933_s_at,0.1452381876,0.5921713093,0.06717390256,0.2387224284,0.4450068291,0.419946133,0.5649645587,0.4103528454,0.03949541548
263965_at,0.1154018013,0.5969758064,0.1848683733,0.2436612193,0.3735813287,0.4009803847,0.5002107585,0.4049944951,0.09271481236
264090_at,0.170343361,0.5078203225,0.1145807144,0.1768066486,0.4453334204,0.4151057105,0.5108458597,0.3987703122,0.1118535873
264141_at,0.04966551753,0.3825888779,0.2540747871,0.05719096631,0.2698147542,0.5640919486,0.5705893338,0.3095212158,0.1959660378
264152_at,0.06912192331,0.4062401267,0.03847993204,0.209059442,0.269674623,0.533346418,0.5249120099,0.2965793376,0.007993820836
264309_at,0.01874432653,0.4497328467,0.1337201207,0.04263296103,0.2812679027,0.5504233586,0.5237824216,0.2082816424,1.50E-04
264417_at,0.1963392526,0.58423185,0.1451306631,0.2443920857,0.478288874,0.4462540859,0.5840848071,0.4182406602,0.07222932343
264520_at,0.04642753741,0.524249092,0.1720668684,0.1708450381,0.5471731783,0.3067558068,0.3476914249,0.3367580773,0.06710731556
264538_at,0.08088661443,0.5748578811,0.08186119844,0.2079129983,0.376713907,0.3901582175,0.514638651,0.4217945974,0.02618092781
264670_s_at,0.005987590709,0.5722457847,0.0997827576,0.1907967237,0.377551046,0.5743050346,0.4535072093,0.348906325,0.05848728386
264719_at,0.2200336316,0.5173011285,0.07867976336,0.1893761849,0.5748004689,0.304544248,0.3818884351,0.3415255884,0.01719720136
264829_at,0.1298326172,0.5023611874,0.1261268715,0.2527721525,0.3124170133,0.4385814104,0.5641411142,0.4037452868,0.07061975359
264849_at,0.01764924835,0.5307038748,0.01179966228,0.1695909319,0.3900920779,0.4780519026,0.5079447322,0.2672377814,0.1160908015
264875_at,0.1328239892,0.5457584433,0.04602509795,0.208140049,0.4234695265,0.4176376409,0.5562331377,0.350859758,0.0391138861
264914_at,0.04111700625,0.3946846238,0.2629104651,0.084584705,0.3259131905,0.5614018723,0.5732651087,0.3313603241,0.3040972257
264966_at,0.2474687652,0.5063255481,0.1733873649,0.2276663428,0.563620297,0.3889819039,0.3607985432,0.451267798,0.1488770313
264981_at,0.1326298235,0.5405674356,0.1904656304,0.1339133065,0.5592959533,0.4347758044,0.4443777648,0.3913472599,0.03648849962
264997_at,0.1297409306,0.6372030554,0.1391654888,0.2954068111,0.5189330074,0.3659290035,0.4523427896,0.4596633615,0.07401605103
265009_at,0.2354307134,0.5106448393,0.1687930196,0.2159900048,0.5270959134,0.3876702041,0.3626789032,0.4353303172,0.1620453333
265056_at,0.1956915125,0.4859675645,0.2607992459,0.1372230671,0.2070043912,0.5453522029,0.580252617,0.2684110516,0.09095049699
265113_at,0.1995301473,0.5416233102,0.1101785832,0.1812806314,0.515857592,0.4062906141,0.4662969252,0.3965783488,0.02622799295
265138_at,0.1359005911,0.5029775846,0.227104845,0.1723853858,0.5429062056,0.3625108621,0.356564113,0.3456223297,0.1165720492
265205_at,0.1638681703,0.3766351118,0.1073004481,0.5381142814,0.3195259808,0.101009243,0.1518968905,0.5026308795,0.06811234555
265222_at,0.0699613763,0.3673683883,0.1297529184,0.02785473071,0.2176274166,0.5758544196,0.5043879739,0.2686876971,0.06007909252
265231_s_at,0.1483050269,0.507806461,0.08690774076,0.2166957365,0.3541359662,0.4063610138,0.5673965926,0.4661020479,0.07375560427
265251_at,0.1381428953,0.5634778321,0.1496272425,0.1630436199,0.5324067279,0.4177212361,0.4678262891,0.4112997823,0.01808487713
265286_at,0.1015160622,0.4762351422,0.05842271172,0.02908135164,0.2981282223,0.5559017925,0.5097184459,0.3191781222,0.04226595461
265348_at,0.1689720229,0.3689813736,0.001801264892,0.5442722471,0.2281970544,0.118727474,0.1877249183,0.5004775049,0.03771663252
265361_at,0.1960916083,0.5523879977,0.1046191085,0.2364275699,0.3020653779,0.3671033398,0.5361149954,0.419908653,0.06408799291
265399_at,0.08410659733,0.5955181958,0.1979628636,0.1647261739,0.5149916914,0.3273272839,0.3095147917,0.348821018,0.02638367553
265465_at,0.1190348899,0.5863558616,0.07338551795,0.4196477091,0.4743849322,0.2597991739,0.3231376882,0.5214605547,0.009663469617
265488_at,0.1106447488,0.5507036499,0.1241335018,0.2042888352,0.3577064212,0.4150923042,0.5423279173,0.386055667,0.06299108019
265497_at,0.09365005446,0.5615683956,0.2120319301,0.2252840052,0.5407958219,0.3676955843,0.3397563738,0.3541112042,0.002092132857
265500_at,0.1148132629,0.5867209547,0.2234862887,0.1597352452,0.5275022568,0.3977732167,0.4151858357,0.360854706,0.06537820952
265503_at,0.1381461386,0.5038609447,0.2171255335,0.1271184545,0.5150186067,0.3669619845,0.222170238,0.3512737984,0.1201387256
265506_at,0.05692558357,0.5544389335,0.2255156363,0.1438051351,0.5412334107,0.3581238046,0.2982344997,0.3351051028,0.03359318959
265525_at,0.07932781491,0.5438766722,0.07509901585,0.2890524009,0.2864237419,0.3910980964,0.5230751608,0.4340325071,0.001096386168
265529_at,0.1121977968,0.6386347494,0.1579336347,0.2520347022,0.388431313,0.3931324814,0.5325506789,0.4454535834,0.1011860225
265563_s_at,0.1650907052,0.5482534407,0.170415053,0.2267268605,0.2790541376,0.3812906285,0.5462067555,0.4100592639,0.09385149289
265576_at,0.02994396227,0.4328931815,0.006977511182,0.06609316371,0.324514707,0.5045152918,0.5257438047,0.465148492,0.09456554127
265587_at,0.1287495455,0.5053176724,0.02792531022,0.5191009381,0.2481358529,0.2395513109,0.3624157435,0.4118276886,0.08664952659
265601_at,0.1965026469,0.5023124788,0.1513735286,0.1566738646,0.5256965007,0.4121993027,0.4297931437,0.3066663077,0.04895764201
265612_at,0.2086169478,0.5325292917,0.1415332917,0.1988623452,0.4432941899,0.4465602319,0.5356863314,0.4325001297,0.0914655
265639_at,0.1083717246,0.5114098945,0.1745611452,0.1588685254,0.5993201913,0.3871106219,0.3778867579,0.388211829,0.02386008661
265686_at,0.1424596928,0.61495612,0.04363739454,0.3523450357,0.3904101999,0.3347357712,0.5051616824,0.4907647428,0.03264869813
265747_s_at,0.1948770575,0.503900011,0.1504365052,0.1898040511,0.4198651431,0.4057961863,0.5200065715,0.4165531673,0.1136832399
265750_x_at,0.150089057,0.5622004267,0.137370416,0.1917703348,0.5720058425,0.3932666805,0.4656989277,0.3738780157,0.03108082629
265785_at,0.07889089025,0.5170288737,0.1849186248,0.1168305785,0.5140008585,0.3956319412,0.3135267357,0.2963731356,0.08041750891
265792_at,0.1417216421,0.5599736861,0.1678779446,0.1968207632,0.5309688664,0.3875281596,0.403773223,0.3808413158,0.0144023441
265919_at,0.14377265,0.5275950653,0.1339053143,0.1954563456,0.2878202411,0.3857102824,0.5430755389,0.4202515304,0.06045380026
266026_at,0.08065754068,0.532412469,0.2247337584,0.152523375,0.541467899,0.3940928687,0.4063329706,0.3228311636,0.06569167271
266046_at,0.1614443258,0.5404638423,0.1569763136,0.1850741914,0.4563041802,0.483929202,0.5494378408,0.4545048278,0.1229782907
266077_at,0.1655652504,0.5327529215,0.132814574,0.2122712129,0.5174201624,0.4740914695,0.4940050764,0.4171290178,0.04872855833
266149_x_at,0.2208777387,0.5401907882,0.1101453959,0.209478716,0.5681020764,0.3946687057,0.4175550358,0.411863589,0.06267894701
266212_at,0.1138334708,0.5777229712,0.2220159584,0.1668994698,0.5166139705,0.4378173711,0.4962290784,0.3817326145,0.056088295
266260_at,0.156736562,0.3706043604,0.3691517935,0.183376457,0.2688487111,0.5290035562,0.5734042803,0.4139016838,0.2011260882
266301_at,0.0782556386,0.5861109983,0.2009739058,0.1711250286,0.5330842498,0.3586157555,0.4314084681,0.3446773584,0.04975004258
266495_at,0.01910087352,0.4949117726,0.002631469948,0.01742459978,0.374264556,0.4533592205,0.5294889405,0.5109303402,0.02332198736
266499_at,0.2026755536,0.5086063531,0.1145408112,0.1194728828,0.5997508612,0.3884330492,0.4287245768,0.3477429758,0.0412350457
266569_at,0.1118190884,0.6247659545,0.1349260075,0.3014733042,0.5353676265,0.3021642263,0.3591341619,0.4228779252,0.02393953234
266576_at,0.09313210073,0.5759152396,0.06822878834,0.2042717985,0.4188264312,0.3920410243,0.5264898833,0.4245152994,0.09087687234
266619_at,0.164711111,0.5682001612,0.1880484847,0.1676429834,0.6222322913,0.3687898025,0.4185606146,0.4121601912,0.04637551567
266664_at,0.09561238709,0.5326655008,0.120016439,0.2303291916,0.5249178757,0.4442933839,0.4559000752,0.3953659242,0.07497469872
266666_at,0.1603717813,0.5311507613,0.200015062,0.1645006205,0.5775720083,0.3768082421,0.4042640014,0.3796252227,0.07289428623
266677_at,0.1652729031,0.5700940985,0.2242969027,0.1733911585,0.5585021414,0.4266849887,0.4655994043,0.4261466765,0.1002736503
266740_at,0.1736712198,0.5648473979,0.09964441629,0.3155840976,0.3706150709,0.3820685429,0.4812871503,0.5107067169,0.08983206506
266862_at,0.06484831533,0.5411931562,0.1429771515,0.135931227,0.5032089587,0.3070157931,0.3080775526,0.3339318995,0.006809625855
266907_at,0.1960059728,0.5968774613,0.2406654586,0.1951007155,0.6167333818,0.4646516302,0.4756786866,0.492454436,0.103528583
266930_at,0.107429111,0.5045036495,0.2076503511,0.1690357654,0.5152764057,0.3182441713,0.2429266702,0.3479251929,0.09522001735
266939_at,0.003092382082,0.5095825757,0.2062337033,0.3312373433,0.2728249368,0.4450166586,0.5293134628,0.3938955285,0.0792116367
266960_at,0.1257114774,0.6228818159,0.2247477627,0.1848175047,0.5698777792,0.3762998358,0.3875329593,0.409970928,0.0654857345
266961_at,0.1324432965,0.5439131618,0.2054289799,0.1507114279,0.5659283303,0.4062522679,0.4082944745,0.3798807958,0.08092821266
267023_at,0.02133457985,0.4220306782,0.2343244144,0.1407587051,0.1983185736,0.5645667144,0.5049107511,0.299186272,0.1427692136
267046_at,0.01071388737,0.6275985023,0.1809065607,0.1927943362,0.5074214805,0.3847534286,0.3902197841,0.4581653519,0.02121903277
267204_at,0.1151910128,0.6335121494,0.1999325426,0.2149705989,0.6200224359,0.3637536726,0.4024361598,0.4140871137,0.06325580427
267244_at,0.1270743932,0.5025742749,0.1291838784,0.2212315185,0.5464183948,0.3771602245,0.3857498709,0.399564758,0.009892150695
267252_at,0.1696703853,0.6530819661,0.1225818978,0.2329625047,0.4599925846,0.4412726203,0.5964356538,0.480663556,0.01676431968
267301_at,0.1527404455,0.4736458635,0.1675114895,0.1893240018,0.294536895,0.5045405893,0.5472037896,0.2779383198,0.0881981707
267338_at,0.02700305697,0.5126458629,0.05454493455,0.1911413067,0.3594318837,0.550730427,0.4670778223,0.2477296748,0.0916899198
267407_at,0.1492399701,0.5429593218,0.1321240341,0.2326653919,0.528531692,0.4076526842,0.4910260243,0.3940231453,0.03108841197
267450_at,0.1785373423,0.5151922293,0.1340080903,0.1858956181,0.4683319631,0.4520138379,0.5325904447,0.4063678573,0.05716269318
267487_at,0.147927158,0.5593895819,0.1243185165,0.2443294218,0.4917932685,0.4591742359,0.552403978,0.4591355469,0.02739361302
267491_at,0.1318061039,0.543329381,0.2369858099,0.1342210256,0.5930893295,0.362746965,0.336257543,0.3124327242,0.06671549532
267584_at,0.1125058776,0.5747445034,0.2247632075,0.1573334277,0.5666996744,0.3802897603,0.3808947263,0.3506001574,0.1001739628
267598_at,0.07018195396,0.6087257845,0.1833540423,0.2294525881,0.4267648235,0.4051332522,0.5074738326,0.418355568,0.04446129616
AFFX-r2-At-Actin-M_s_at,0.02276829279,0.4234425276,0.08726479234,0.1532877072,0.271881675,0.5759546984,0.5526049439,0.3872395133,0.04836894353
AFFX-r2-At-GAPDH-3_s_at,0.1060698198,0.4554705755,0.1155145272,0.2325494918,0.2961523298,0.5643261914,0.5021548029,0.3385041827,8.05E-04